geo_latitude,geo_longitude
+42.729839 -077.773919
+33.640302 -117.769442
+43.182729 -070.745759
+45.349548 -090.887173
+39.082266 -077.846661
+42.021536 -071.947077
+41.296984 -083.524683
+42.440996 -094.315601
+43.518636 -096.732266
