from_number,to_number,call_time,call_duration,from_latitude,from_longitude,to_latitude,to_longitude
6191064195,7348163367,1997-9-03T20:45:0.500,600,40.543529,-122.121422,46.726473,-91.483589
6191064195,3047132494,1997-9-03T20:45:0.500,732,27.779273,-91.232751,37.069770,-71.140366
6191064195,3473741782,1997-9-03T20:45:0.500,1546,37.582983,-87.406772,32.717751,-74.225828
6191064195,3473741782,1997-9-03T20:45:0.500,1209,47.028359,-105.090422,35.916985,-98.155686
6191064195,6089748797,1997-9-03T20:45:0.500,1500,33.424758,-103.961602,37.161773,-121.821252
6191064195,6183637139,1997-9-03T20:45:0.500,371,29.611543,-108.500801,39.648321,-83.800431
6191064195,9122765075,1997-9-03T20:45:0.500,1704,33.548274,-74.404767,43.157425,-119.182289
6191064195,3301345931,1997-9-03T20:45:0.500,1054,44.429532,-73.236287,37.000509,-104.754946
6191064195,3301345931,1997-9-03T20:45:0.500,773,36.749085,-121.874166,40.538859,-119.871170
